experiment,dropout,class_weights,label_smoothing,input_dim,test_accuracy,test_macro_f1,test_top3_accuracy,test_loss,best_epoch,best_val_acc
G5_UMAP_Baseline,0.1,False,0.1,128,0.7298850574712644,0.5878031663325781,0.896551724137931,1.458350652998144,47,0.6402877697841727
G6_UMAP_ClassWeights,0.3,True,0.0,128,0.5977011494252874,0.5194144109965612,0.8218390804597702,1.5951926491477273,34,0.5539568345323741
G7_UMAP_LabelSmoothing,0.3,False,0.2,128,0.6954022988505747,0.5819401426090729,0.8908045977011494,1.8570060892538591,46,0.6618705035971223
