Metric,Value
Accuracy,0.7298850574712644
Macro-F1,0.5878031663325781
Top-3 Accuracy,0.896551724137931
Test Loss,1.458350652998144
