Metric,Value
Accuracy,0.632183908045977
Macro-F1,0.4721661771661772
Top-3 Accuracy,0.8735632183908046
Test Loss,1.6139038530263035
