Metric,Value
Accuracy,0.8333333333333334
Macro-F1,0.753853834981286
Top-3 Accuracy,0.9540229885057471
Test Loss,1.1790281425822864
