Metric,Value
Accuracy,0.7586206896551724
Macro-F1,0.6898217874079945
Top-3 Accuracy,0.9022988505747126
Test Loss,1.4152238025880335
