Metric,Value
Accuracy,0.7758620689655172
Macro-F1,0.6740141956808625
Top-3 Accuracy,0.8850574712643678
Test Loss,1.6766111661087384
