experiment,dropout,class_weights,label_smoothing,test_accuracy,test_macro_f1,test_top3_accuracy,test_loss,best_epoch,best_val_acc
G5.0_Baseline,0.1,False,0.0,0.034482758620689655,0.006962100354362346,0.10919540229885058,3.4123025157234887,0,0.0
G5.1_ClassWeights,0.3,True,0.0,0.8160919540229885,0.7824342514783692,0.9367816091954023,0.718932755291462,48,0.8273381294964028
G5.2_LabelSmoothing,0.3,False,0.1,0.7931034482758621,0.707297707596651,0.9425287356321839,1.2689668834209442,48,0.8345323741007195
