Metric,Value
Accuracy,0.034482758620689655
Macro-F1,0.006962100354362346
Top-3 Accuracy,0.10919540229885058
Test Loss,3.4123025157234887
