Metric,Value
Accuracy,0.040229885057471264
Macro-F1,0.005076305220883534
Top-3 Accuracy,0.09195402298850575
Test Loss,3.410974079912359
