Metric,Value
Accuracy,0.13793103448275862
Macro-F1,0.018056113118337123
Top-3 Accuracy,0.26436781609195403
Test Loss,3.2645129290494053
