Metric,Value
Accuracy,0.09195402298850575
Macro-F1,0.005734767025089607
Top-3 Accuracy,0.22988505747126436
Test Loss,3.3962193835865366
