Metric,Value
Accuracy,0.9252873563218391
Macro-F1,0.8843708087420055
Top-3 Accuracy,0.9885057471264368
Test Loss,0.9539305432276293
