Metric,Value
Accuracy,0.9137931034482759
Macro-F1,0.8735598342661747
Top-3 Accuracy,0.9942528735632183
Test Loss,0.9224783046679064
