Metric,Value
Accuracy,0.7931034482758621
Macro-F1,0.707297707596651
Top-3 Accuracy,0.9425287356321839
Test Loss,1.2689668834209442
