Metric,Value
Accuracy,0.8218390804597702
Macro-F1,0.7548943109788494
Top-3 Accuracy,0.9425287356321839
Test Loss,1.1794153289361433
