Metric,Value
Accuracy,0.9252873563218391
Macro-F1,0.9085599655566285
Top-3 Accuracy,0.9942528735632183
Test Loss,1.3503031459721653
