Metric,Value
Accuracy,0.8735632183908046
Macro-F1,0.8811518196575668
Top-3 Accuracy,0.9942528735632183
Test Loss,0.4750469008629972
