Metric,Value
Accuracy,0.7816091954022989
Macro-F1,0.7247194102194102
Top-3 Accuracy,0.9310344827586207
Test Loss,0.8367251225493171
