Metric,Value
Accuracy,0.8160919540229885
Macro-F1,0.7824342514783692
Top-3 Accuracy,0.9367816091954023
Test Loss,0.718932755291462
