Metric,Value
Accuracy,0.8045977011494253
Macro-F1,0.7549763508096842
Top-3 Accuracy,0.9425287356321839
Test Loss,0.9118158302523873
