{
  "experiment": "G4-QDRANT-Video-Base-CLASS-WEIGHTS",
  "dataset": "dataset_umap_segments.npz",
  "dropout": 0.3,
  "class_weights": true,
  "label_smoothing": 0.0,
  "best_epoch": 25,
  "best_val_acc": 0.1510791366906475,
  "test_accuracy": 0.12643678160919541,
  "test_macro_f1": 0.039759924171688873,
  "test_top3_accuracy": 0.3488372093023256
}