Metric,Value
Accuracy,0.6781609195402298
Macro-F1,0.5500548145876287
Top-3 Accuracy,0.8563218390804598
Test Loss,1.9170506921681492
