Metric,Value
Accuracy,0.6954022988505747
Macro-F1,0.5819401426090729
Top-3 Accuracy,0.8908045977011494
Test Loss,1.8570060892538591
