Metric,Value
Accuracy,0.1724137931034483
Macro-F1,0.03269483231889247
Top-3 Accuracy,0.27011494252873564
Test Loss,3.231744571165605
