Metric,Value
Accuracy,0.7988505747126436
Macro-F1,0.7138880519122455
Top-3 Accuracy,0.9252873563218391
Test Loss,1.2254068011587316
