Metric,Value
Accuracy,0.7528735632183908
Macro-F1,0.6598202175392519
Top-3 Accuracy,0.8850574712643678
Test Loss,1.2458371404579587
