Metric,Value
Accuracy,0.6264367816091954
Macro-F1,0.5299792860118947
Top-3 Accuracy,0.8448275862068966
Test Loss,1.492824055931785
