Metric,Value
Accuracy,0.5977011494252874
Macro-F1,0.5194144109965612
Top-3 Accuracy,0.8218390804597702
Test Loss,1.5951926491477273
